{
	"info": {
		"_postman_id": "1729b877-8336-4b6d-a25c-77701c0d51e8",
		"name": "Ambiente Localhost - API de dados Vitivinicultura da Embrapa",
		"description": "API para gerenciar informações de comercio, importação, exportação e processamento de uvas e derivados da embrapa",
		"schema": "https://schema.getpostman.com/json/collection/v2.1.0/collection.json",
		"_exporter_id": "3004003"
	},
	"item": [
		{
			"name": "login",
			"item": [
				{
					"name": "Realizar login e obter token JWT",
					"event": [
						{
							"listen": "test",
							"script": {
								"exec": [
									"\r",
									"pm.collectionVariables.set(\"bearerToken\", pm.response.json()[\"access_token\"]);"
								],
								"type": "text/javascript",
								"packages": {}
							}
						}
					],
					"request": {
						"method": "POST",
						"header": [
							{
								"key": "Content-Type",
								"value": "application/json"
							},
							{
								"key": "Accept",
								"value": "application/json"
							}
						],
						"body": {
							"mode": "raw",
							"raw": "{\n  \"username\": \"test\",\n  \"password\": \"test\"\n}",
							"options": {
								"raw": {
									"headerFamily": "json",
									"language": "json"
								}
							}
						},
						"url": {
							"raw": "{{baseUrl}}/login",
							"host": [
								"{{baseUrl}}"
							],
							"path": [
								"login"
							]
						}
					},
					"response": [
						{
							"name": "Token JWT gerado",
							"originalRequest": {
								"method": "POST",
								"header": [
									{
										"key": "Content-Type",
										"value": "application/json"
									},
									{
										"key": "Accept",
										"value": "application/json"
									},
									{
										"key": "Authorization",
										"value": "Bearer <token>",
										"description": "Added as a part of security scheme: bearer"
									}
								],
								"body": {
									"mode": "raw",
									"raw": "{\n  \"username\": \"<string>\",\n  \"password\": \"<string>\"\n}",
									"options": {
										"raw": {
											"headerFamily": "json",
											"language": "json"
										}
									}
								},
								"url": {
									"raw": "{{baseUrl}}/login",
									"host": [
										"{{baseUrl}}"
									],
									"path": [
										"login"
									]
								}
							},
							"status": "OK",
							"code": 200,
							"_postman_previewlanguage": "json",
							"header": [
								{
									"key": "Content-Type",
									"value": "application/json"
								}
							],
							"cookie": [],
							"body": "{\n  \"access_token\": \"<string>\"\n}"
						},
						{
							"name": "Credenciais inválidas",
							"originalRequest": {
								"method": "POST",
								"header": [
									{
										"key": "Content-Type",
										"value": "application/json"
									},
									{
										"key": "Authorization",
										"value": "Bearer <token>",
										"description": "Added as a part of security scheme: bearer"
									}
								],
								"body": {
									"mode": "raw",
									"raw": "{\n  \"username\": \"<string>\",\n  \"password\": \"<string>\"\n}",
									"options": {
										"raw": {
											"headerFamily": "json",
											"language": "json"
										}
									}
								},
								"url": {
									"raw": "{{baseUrl}}/login",
									"host": [
										"{{baseUrl}}"
									],
									"path": [
										"login"
									]
								}
							},
							"status": "Unauthorized",
							"code": 401,
							"_postman_previewlanguage": "text",
							"header": [],
							"cookie": [],
							"body": ""
						}
					]
				}
			]
		},
		{
			"name": "producao",
			"item": [
				{
					"name": "Obter as informações de produção",
					"request": {
						"auth": {
							"type": "bearer",
							"bearer": [
								{
									"key": "token",
									"value": "{{bearerToken}}",
									"type": "string"
								}
							]
						},
						"method": "GET",
						"header": [
							{
								"key": "Accept",
								"value": "application/json"
							}
						],
						"url": {
							"raw": "{{baseUrl}}/producao",
							"host": [
								"{{baseUrl}}"
							],
							"path": [
								"producao"
							]
						}
					},
					"response": [
						{
							"name": "Lista de produção",
							"originalRequest": {
								"method": "GET",
								"header": [
									{
										"key": "Accept",
										"value": "application/json"
									},
									{
										"key": "Authorization",
										"value": "Bearer <token>",
										"description": "Added as a part of security scheme: bearer"
									}
								],
								"url": {
									"raw": "{{baseUrl}}/producao",
									"host": [
										"{{baseUrl}}"
									],
									"path": [
										"producao"
									]
								}
							},
							"status": "OK",
							"code": 200,
							"_postman_previewlanguage": "json",
							"header": [
								{
									"key": "Content-Type",
									"value": "application/json"
								}
							],
							"cookie": [],
							"body": "[\n  {\n    \"id\": \"<integer>\",\n    \"control\": \"<string>\",\n    \"produto\": \"<string>\",\n    \"categoria\": \"<string>\",\n    \"ano\": \"<integer>\",\n    \"valor\": \"<integer>\"\n  },\n  {\n    \"id\": \"<integer>\",\n    \"control\": \"<string>\",\n    \"produto\": \"<string>\",\n    \"categoria\": \"<string>\",\n    \"ano\": \"<integer>\",\n    \"valor\": \"<integer>\"\n  }\n]"
						},
						{
							"name": "Não autorizado",
							"originalRequest": {
								"method": "GET",
								"header": [
									{
										"key": "Authorization",
										"value": "Bearer <token>",
										"description": "Added as a part of security scheme: bearer"
									}
								],
								"url": {
									"raw": "{{baseUrl}}/producao",
									"host": [
										"{{baseUrl}}"
									],
									"path": [
										"producao"
									]
								}
							},
							"status": "Unauthorized",
							"code": 401,
							"_postman_previewlanguage": "text",
							"header": [],
							"cookie": [],
							"body": ""
						}
					]
				}
			]
		},
		{
			"name": "processa",
			"item": [
				{
					"name": "Obter todas as informações de processamento viniferas",
					"request": {
						"auth": {
							"type": "bearer",
							"bearer": [
								{
									"key": "token",
									"value": "{{bearerToken}}",
									"type": "string"
								}
							]
						},
						"method": "GET",
						"header": [
							{
								"key": "Accept",
								"value": "application/json"
							}
						],
						"url": {
							"raw": "{{baseUrl}}/processa",
							"host": [
								"{{baseUrl}}"
							],
							"path": [
								"processa"
							]
						}
					},
					"response": [
						{
							"name": "Lista de processamento viniferas",
							"originalRequest": {
								"method": "GET",
								"header": [
									{
										"key": "Accept",
										"value": "application/json"
									},
									{
										"key": "Authorization",
										"value": "Bearer <token>",
										"description": "Added as a part of security scheme: bearer"
									}
								],
								"url": {
									"raw": "{{baseUrl}}/processa",
									"host": [
										"{{baseUrl}}"
									],
									"path": [
										"processa"
									]
								}
							},
							"status": "OK",
							"code": 200,
							"_postman_previewlanguage": "json",
							"header": [
								{
									"key": "Content-Type",
									"value": "application/json"
								}
							],
							"cookie": [],
							"body": "[\n  {\n    \"id\": \"<integer>\",\n    \"control\": \"<string>\",\n    \"cultivar\": \"<string>\",\n    \"categoria\": \"<string>\",\n    \"tipo\": \"<string>\",\n    \"ano\": \"<integer>\",\n    \"valor\": \"<integer>\"\n  },\n  {\n    \"id\": \"<integer>\",\n    \"control\": \"<string>\",\n    \"cultivar\": \"<string>\",\n    \"categoria\": \"<string>\",\n    \"tipo\": \"<string>\",\n    \"ano\": \"<integer>\",\n    \"valor\": \"<integer>\"\n  }\n]"
						},
						{
							"name": "Não autorizado",
							"originalRequest": {
								"method": "GET",
								"header": [
									{
										"key": "Authorization",
										"value": "Bearer <token>",
										"description": "Added as a part of security scheme: bearer"
									}
								],
								"url": {
									"raw": "{{baseUrl}}/processa",
									"host": [
										"{{baseUrl}}"
									],
									"path": [
										"processa"
									]
								}
							},
							"status": "Unauthorized",
							"code": 401,
							"_postman_previewlanguage": "text",
							"header": [],
							"cookie": [],
							"body": ""
						}
					]
				}
			]
		},
		{
			"name": "comercio",
			"item": [
				{
					"name": "Obter todas as informações de comércio",
					"request": {
						"auth": {
							"type": "bearer",
							"bearer": [
								{
									"key": "token",
									"value": "{{bearerToken}}",
									"type": "string"
								}
							]
						},
						"method": "GET",
						"header": [
							{
								"key": "Accept",
								"value": "application/json"
							}
						],
						"url": {
							"raw": "{{baseUrl}}/comercio",
							"host": [
								"{{baseUrl}}"
							],
							"path": [
								"comercio"
							]
						}
					},
					"response": [
						{
							"name": "Lista de info comércios",
							"originalRequest": {
								"method": "GET",
								"header": [
									{
										"key": "Accept",
										"value": "application/json"
									},
									{
										"key": "Authorization",
										"value": "Bearer <token>",
										"description": "Added as a part of security scheme: bearer"
									}
								],
								"url": {
									"raw": "{{baseUrl}}/comercio",
									"host": [
										"{{baseUrl}}"
									],
									"path": [
										"comercio"
									]
								}
							},
							"status": "OK",
							"code": 200,
							"_postman_previewlanguage": "json",
							"header": [
								{
									"key": "Content-Type",
									"value": "application/json"
								}
							],
							"cookie": [],
							"body": "[\n  {\n    \"id\": \"<integer>\",\n    \"control\": \"<string>\",\n    \"produto\": \"<string>\",\n    \"categoria\": \"<string>\",\n    \"ano\": \"<integer>\",\n    \"valor\": \"<integer>\"\n  },\n  {\n    \"id\": \"<integer>\",\n    \"control\": \"<string>\",\n    \"produto\": \"<string>\",\n    \"categoria\": \"<string>\",\n    \"ano\": \"<integer>\",\n    \"valor\": \"<integer>\"\n  }\n]"
						},
						{
							"name": "Não autorizado",
							"originalRequest": {
								"method": "GET",
								"header": [
									{
										"key": "Authorization",
										"value": "Bearer <token>",
										"description": "Added as a part of security scheme: bearer"
									}
								],
								"url": {
									"raw": "{{baseUrl}}/comercio",
									"host": [
										"{{baseUrl}}"
									],
									"path": [
										"comercio"
									]
								}
							},
							"status": "Unauthorized",
							"code": 401,
							"_postman_previewlanguage": "text",
							"header": [],
							"cookie": [],
							"body": ""
						}
					]
				}
			]
		},
		{
			"name": "importacao",
			"item": [
				{
					"name": "Obter todas as informações de importações",
					"request": {
						"auth": {
							"type": "bearer",
							"bearer": [
								{
									"key": "token",
									"value": "{{bearerToken}}",
									"type": "string"
								}
							]
						},
						"method": "GET",
						"header": [
							{
								"key": "Accept",
								"value": "application/json"
							}
						],
						"url": {
							"raw": "{{baseUrl}}/importacao",
							"host": [
								"{{baseUrl}}"
							],
							"path": [
								"importacao"
							]
						}
					},
					"response": [
						{
							"name": "Lista de info de importações de vinhos",
							"originalRequest": {
								"method": "GET",
								"header": [
									{
										"key": "Accept",
										"value": "application/json"
									},
									{
										"key": "Authorization",
										"value": "Bearer <token>",
										"description": "Added as a part of security scheme: bearer"
									}
								],
								"url": {
									"raw": "{{baseUrl}}/importacao",
									"host": [
										"{{baseUrl}}"
									],
									"path": [
										"importacao"
									]
								}
							},
							"status": "OK",
							"code": 200,
							"_postman_previewlanguage": "json",
							"header": [
								{
									"key": "Content-Type",
									"value": "application/json"
								}
							],
							"cookie": [],
							"body": "[\n  {\n    \"id\": \"<integer>\",\n    \"país\": \"<string>\",\n    \"ano\": \"<integer>\",\n    \"valor\": \"<integer>\"\n  },\n  {\n    \"id\": \"<integer>\",\n    \"país\": \"<string>\",\n    \"ano\": \"<integer>\",\n    \"valor\": \"<integer>\"\n  }\n]"
						},
						{
							"name": "Não autorizado",
							"originalRequest": {
								"method": "GET",
								"header": [
									{
										"key": "Authorization",
										"value": "Bearer <token>",
										"description": "Added as a part of security scheme: bearer"
									}
								],
								"url": {
									"raw": "{{baseUrl}}/importacao",
									"host": [
										"{{baseUrl}}"
									],
									"path": [
										"importacao"
									]
								}
							},
							"status": "Unauthorized",
							"code": 401,
							"_postman_previewlanguage": "text",
							"header": [],
							"cookie": [],
							"body": ""
						}
					]
				}
			]
		},
		{
			"name": "exportacao",
			"item": [
				{
					"name": "Obter todas as informações de exportações de vinhos",
					"request": {
						"auth": {
							"type": "bearer",
							"bearer": [
								{
									"key": "token",
									"value": "{{bearerToken}}",
									"type": "string"
								}
							]
						},
						"method": "GET",
						"header": [
							{
								"key": "Accept",
								"value": "application/json"
							}
						],
						"url": {
							"raw": "{{baseUrl}}/exportacao",
							"host": [
								"{{baseUrl}}"
							],
							"path": [
								"exportacao"
							]
						}
					},
					"response": [
						{
							"name": "Lista de exportação de vinhos",
							"originalRequest": {
								"method": "GET",
								"header": [
									{
										"key": "Accept",
										"value": "application/json"
									},
									{
										"key": "Authorization",
										"value": "Bearer <token>",
										"description": "Added as a part of security scheme: bearer"
									}
								],
								"url": {
									"raw": "{{baseUrl}}/exportacao",
									"host": [
										"{{baseUrl}}"
									],
									"path": [
										"exportacao"
									]
								}
							},
							"status": "OK",
							"code": 200,
							"_postman_previewlanguage": "json",
							"header": [
								{
									"key": "Content-Type",
									"value": "application/json"
								}
							],
							"cookie": [],
							"body": "[\n  {\n    \"id\": \"<integer>\",\n    \"país\": \"<string>\",\n    \"ano\": \"<integer>\",\n    \"valor\": \"<integer>\"\n  },\n  {\n    \"id\": \"<integer>\",\n    \"país\": \"<string>\",\n    \"ano\": \"<integer>\",\n    \"valor\": \"<integer>\"\n  }\n]"
						},
						{
							"name": "Não autorizado",
							"originalRequest": {
								"method": "GET",
								"header": [
									{
										"key": "Authorization",
										"value": "Bearer <token>",
										"description": "Added as a part of security scheme: bearer"
									}
								],
								"url": {
									"raw": "{{baseUrl}}/exportacao",
									"host": [
										"{{baseUrl}}"
									],
									"path": [
										"exportacao"
									]
								}
							},
							"status": "Unauthorized",
							"code": 401,
							"_postman_previewlanguage": "text",
							"header": [],
							"cookie": [],
							"body": ""
						}
					]
				}
			]
		}
	],
	"auth": {
		"type": "bearer",
		"bearer": [
			{
				"key": "token",
				"value": "{{bearerToken}}",
				"type": "string"
			}
		]
	},
	"event": [
		{
			"listen": "prerequest",
			"script": {
				"type": "text/javascript",
				"packages": {},
				"exec": [
					""
				]
			}
		},
		{
			"listen": "test",
			"script": {
				"type": "text/javascript",
				"packages": {},
				"exec": [
					""
				]
			}
		}
	],
	"variable": [
		{
			"key": "baseUrl",
			"value": "http://localhost:5000/"
		},
		{
			"key": "bearerToken",
			"value": "",
			"type": "string"
		}
	]
}